ip,fecha,metodo
109.169.248.247,12/Dec/2015:18:25:11 +0100,GET
109.169.248.247,12/Dec/2015:18:25:11 +0100,POST
46.72.177.4,12/Dec/2015:18:31:08 +0100,GET
46.72.177.4,12/Dec/2015:18:31:08 +0100,POST
83.167.113.100,12/Dec/2015:18:31:25 +0100,GET
83.167.113.100,12/Dec/2015:18:31:25 +0100,POST
95.29.198.15,12/Dec/2015:18:32:10 +0100,GET
95.29.198.15,12/Dec/2015:18:32:11 +0100,POST
109.184.11.34,12/Dec/2015:18:32:56 +0100,GET
109.184.11.34,12/Dec/2015:18:32:56 +0100,POST
91.227.29.79,12/Dec/2015:18:33:51 +0100,GET
91.227.29.79,12/Dec/2015:18:33:52 +0100,POST
90.154.66.233,12/Dec/2015:18:36:16 +0100,GET
90.154.66.233,12/Dec/2015:18:36:16 +0100,POST
95.140.24.131,12/Dec/2015:18:38:42 +0100,GET
95.140.24.131,12/Dec/2015:18:38:42 +0100,POST
95.188.245.16,12/Dec/2015:18:38:55 +0100,GET
95.188.245.16,12/Dec/2015:18:38:56 +0100,POST
46.72.213.133,12/Dec/2015:18:39:27 +0100,GET
46.72.213.133,12/Dec/2015:18:39:27 +0100,POST
178.204.119.130,12/Dec/2015:18:40:58 +0100,GET
178.204.119.130,12/Dec/2015:18:40:58 +0100,POST
178.35.0.41,12/Dec/2015:18:44:48 +0100,GET
178.35.0.41,12/Dec/2015:18:44:48 +0100,POST
92.252.165.97,12/Dec/2015:18:44:53 +0100,GET
92.252.165.97,12/Dec/2015:18:44:53 +0100,POST
31.202.233.212,12/Dec/2015:18:46:21 +0100,GET
31.202.233.212,12/Dec/2015:18:46:21 +0100,POST
83.219.151.232,12/Dec/2015:18:46:25 +0100,GET
83.219.151.232,12/Dec/2015:18:46:25 +0100,POST
46.72.184.174,12/Dec/2015:18:51:08 +0100,GET
46.72.184.174,12/Dec/2015:18:51:08 +0100,POST
176.116.138.82,12/Dec/2015:18:51:25 +0100,GET
176.116.138.82,12/Dec/2015:18:51:25 +0100,POST
178.47.189.163,12/Dec/2015:18:53:10 +0100,GET
178.47.189.163,12/Dec/2015:18:53:11 +0100,POST
178.44.144.231,12/Dec/2015:18:57:24 +0100,GET
178.44.144.231,12/Dec/2015:18:57:24 +0100,POST
213.24.134.32,12/Dec/2015:18:58:50 +0100,GET
213.24.134.32,12/Dec/2015:18:58:51 +0100,POST
191.182.199.16,12/Dec/2015:19:02:35 +0100,GET
191.182.199.16,12/Dec/2015:19:02:35 +0100,GET
191.182.199.16,12/Dec/2015:19:02:36 +0100,GET
191.182.199.16,12/Dec/2015:19:02:36 +0100,GET
191.182.199.16,12/Dec/2015:19:02:36 +0100,GET
191.182.199.16,12/Dec/2015:19:02:36 +0100,GET
191.182.199.16,12/Dec/2015:19:02:36 +0100,GET
191.182.199.16,12/Dec/2015:19:02:36 +0100,GET
191.182.199.16,12/Dec/2015:19:02:36 +0100,GET
191.182.199.16,12/Dec/2015:19:02:36 +0100,GET
191.182.199.16,12/Dec/2015:19:02:36 +0100,GET
191.182.199.16,12/Dec/2015:19:02:38 +0100,GET
191.182.199.16,12/Dec/2015:19:02:38 +0100,GET
191.182.199.16,12/Dec/2015:19:02:38 +0100,GET
191.182.199.16,12/Dec/2015:19:02:38 +0100,GET
191.182.199.16,12/Dec/2015:19:02:39 +0100,GET
191.182.199.16,12/Dec/2015:19:02:39 +0100,GET
191.182.199.16,12/Dec/2015:19:02:39 +0100,GET
191.182.199.16,12/Dec/2015:19:02:39 +0100,GET
191.182.199.16,12/Dec/2015:19:02:39 +0100,GET
191.182.199.16,12/Dec/2015:19:02:39 +0100,GET
191.182.199.16,12/Dec/2015:19:02:39 +0100,GET
191.182.199.16,12/Dec/2015:19:02:39 +0100,GET
191.182.199.16,12/Dec/2015:19:02:40 +0100,GET
191.182.199.16,12/Dec/2015:19:02:40 +0100,GET
191.182.199.16,12/Dec/2015:19:02:40 +0100,GET
191.182.199.16,12/Dec/2015:19:02:40 +0100,GET
191.182.199.16,12/Dec/2015:19:02:40 +0100,GET
191.182.199.16,12/Dec/2015:19:02:40 +0100,GET
191.182.199.16,12/Dec/2015:19:02:40 +0100,GET
191.182.199.16,12/Dec/2015:19:02:48 +0100,GET
191.182.199.16,12/Dec/2015:19:02:48 +0100,GET
191.182.199.16,12/Dec/2015:19:02:48 +0100,GET
191.182.199.16,12/Dec/2015:19:02:48 +0100,GET
191.182.199.16,12/Dec/2015:19:02:48 +0100,GET
191.182.199.16,12/Dec/2015:19:02:48 +0100,GET
191.182.199.16,12/Dec/2015:19:02:49 +0100,GET
176.212.187.84,12/Dec/2015:19:03:02 +0100,GET
176.212.187.84,12/Dec/2015:19:03:02 +0100,POST
180.180.104.183,12/Dec/2015:19:04:13 +0100,GET
176.194.214.104,12/Dec/2015:19:09:36 +0100,GET
176.194.214.104,12/Dec/2015:19:09:36 +0100,POST
189.16.1.18,12/Dec/2015:19:12:25 +0100,GET
189.16.1.18,12/Dec/2015:19:12:26 +0100,POST
177.6.184.110,12/Dec/2015:19:17:18 +0100,GET
177.6.184.110,12/Dec/2015:19:17:18 +0100,POST
81.88.222.215,12/Dec/2015:19:20:57 +0100,GET
81.88.222.215,12/Dec/2015:19:20:57 +0100,POST
66.249.66.19,12/Dec/2015:19:23:59 +0100,GET
87.255.246.50,12/Dec/2015:19:24:25 +0100,GET
87.255.246.50,12/Dec/2015:19:24:25 +0100,POST
46.116.249.142,12/Dec/2015:19:28:28 +0100,GET
46.116.249.142,12/Dec/2015:19:28:28 +0100,POST
46.39.229.183,12/Dec/2015:19:29:16 +0100,GET
46.39.229.183,12/Dec/2015:19:29:16 +0100,POST
46.72.185.236,12/Dec/2015:19:31:11 +0100,GET
46.72.185.236,12/Dec/2015:19:31:12 +0100,POST
92.248.235.103,12/Dec/2015:19:31:28 +0100,GET
92.248.235.103,12/Dec/2015:19:31:28 +0100,POST
83.167.113.100,12/Dec/2015:19:37:49 +0100,GET
83.167.113.100,12/Dec/2015:19:37:50 +0100,POST
109.252.11.47,12/Dec/2015:19:38:10 +0100,GET
109.252.11.47,12/Dec/2015:19:38:11 +0100,POST
2.93.207.163,12/Dec/2015:19:40:11 +0100,GET
2.93.207.163,12/Dec/2015:19:40:11 +0100,POST
178.34.161.222,12/Dec/2015:19:43:31 +0100,GET
178.34.161.222,12/Dec/2015:19:43:35 +0100,POST
188.45.108.168,12/Dec/2015:19:44:06 +0100,GET
188.45.108.168,12/Dec/2015:19:44:06 +0100,GET
188.45.108.168,12/Dec/2015:19:44:06 +0100,GET
188.45.108.168,12/Dec/2015:19:44:06 +0100,GET
188.45.108.168,12/Dec/2015:19:44:06 +0100,GET
188.45.108.168,12/Dec/2015:19:44:06 +0100,GET
188.45.108.168,12/Dec/2015:19:44:06 +0100,GET
188.45.108.168,12/Dec/2015:19:44:06 +0100,GET
188.45.108.168,12/Dec/2015:19:44:06 +0100,GET
188.45.108.168,12/Dec/2015:19:44:06 +0100,GET
188.45.108.168,12/Dec/2015:19:44:06 +0100,GET
188.45.108.168,12/Dec/2015:19:44:06 +0100,GET
188.45.108.168,12/Dec/2015:19:44:07 +0100,GET
188.45.108.168,12/Dec/2015:19:44:07 +0100,GET
188.45.108.168,12/Dec/2015:19:44:07 +0100,GET
188.45.108.168,12/Dec/2015:19:44:08 +0100,GET
188.45.108.168,12/Dec/2015:19:44:08 +0100,GET
188.45.108.168,12/Dec/2015:19:44:09 +0100,GET
188.45.108.168,12/Dec/2015:19:44:09 +0100,GET
188.45.108.168,12/Dec/2015:19:44:09 +0100,GET
188.45.108.168,12/Dec/2015:19:44:09 +0100,GET
188.45.108.168,12/Dec/2015:19:44:09 +0100,GET
188.45.108.168,12/Dec/2015:19:44:09 +0100,GET
188.45.108.168,12/Dec/2015:19:44:10 +0100,GET
188.45.108.168,12/Dec/2015:19:44:10 +0100,GET
188.45.108.168,12/Dec/2015:19:44:10 +0100,GET
188.45.108.168,12/Dec/2015:19:44:10 +0100,GET
188.45.108.168,12/Dec/2015:19:44:10 +0100,GET
188.45.108.168,12/Dec/2015:19:44:12 +0100,GET
188.45.108.168,12/Dec/2015:19:44:13 +0100,GET
188.45.108.168,12/Dec/2015:19:44:15 +0100,GET
188.254.126.77,12/Dec/2015:19:46:35 +0100,GET
188.254.126.77,12/Dec/2015:19:46:35 +0100,POST
95.153.132.103,12/Dec/2015:19:47:21 +0100,GET
95.153.132.103,12/Dec/2015:19:47:22 +0100,POST
78.81.147.127,12/Dec/2015:19:48:01 +0100,GET
78.81.147.127,12/Dec/2015:19:48:02 +0100,POST
178.44.144.231,12/Dec/2015:19:51:02 +0100,GET
178.44.144.231,12/Dec/2015:19:51:02 +0100,POST
195.91.157.50,12/Dec/2015:19:52:16 +0100,GET
195.91.157.50,12/Dec/2015:19:52:16 +0100,POST
5.140.164.122,12/Dec/2015:19:52:40 +0100,GET
5.140.164.122,12/Dec/2015:19:52:40 +0100,POST
92.112.194.169,12/Dec/2015:19:53:11 +0100,GET
92.112.194.169,12/Dec/2015:19:53:11 +0100,POST
212.12.28.122,12/Dec/2015:19:54:40 +0100,GET
212.12.28.122,12/Dec/2015:19:54:40 +0100,POST
77.243.115.178,12/Dec/2015:19:55:08 +0100,GET
77.243.115.178,12/Dec/2015:19:55:08 +0100,POST
94.233.147.245,12/Dec/2015:19:56:15 +0100,GET
94.233.147.245,12/Dec/2015:19:56:15 +0100,POST
189.45.201.226,12/Dec/2015:19:57:45 +0100,GET
176.213.82.180,12/Dec/2015:20:01:26 +0100,GET
176.213.82.180,12/Dec/2015:20:01:26 +0100,POST
31.173.80.169,12/Dec/2015:20:04:01 +0100,GET
31.173.80.169,12/Dec/2015:20:04:01 +0100,POST
213.24.132.155,12/Dec/2015:20:06:15 +0100,GET
213.24.132.155,12/Dec/2015:20:06:16 +0100,POST
189.13.146.143,12/Dec/2015:20:06:42 +0100,GET
189.13.146.143,12/Dec/2015:20:06:43 +0100,POST
130.255.13.57,12/Dec/2015:20:07:19 +0100,GET
130.255.13.57,12/Dec/2015:20:07:20 +0100,POST
62.141.121.10,12/Dec/2015:20:13:39 +0100,GET
62.141.121.10,12/Dec/2015:20:13:39 +0100,POST
185.17.135.224,12/Dec/2015:20:15:22 +0100,GET
185.17.135.224,12/Dec/2015:20:15:22 +0100,POST
213.24.134.32,12/Dec/2015:20:19:31 +0100,GET
213.24.134.32,12/Dec/2015:20:19:31 +0100,POST
180.76.15.137,12/Dec/2015:20:22:24 +0100,GET
109.252.11.47,12/Dec/2015:20:22:35 +0100,GET
109.252.11.47,12/Dec/2015:20:22:36 +0100,POST
37.215.38.205,12/Dec/2015:20:22:54 +0100,GET
37.215.38.205,12/Dec/2015:20:22:54 +0100,POST
176.213.82.180,12/Dec/2015:20:24:03 +0100,GET
176.213.82.180,12/Dec/2015:20:24:03 +0100,POST
95.29.85.222,12/Dec/2015:20:28:28 +0100,GET
95.29.85.222,12/Dec/2015:20:28:28 +0100,POST
5.18.95.55,12/Dec/2015:20:28:40 +0100,GET
5.18.95.55,12/Dec/2015:20:28:40 +0100,POST
91.211.128.249,12/Dec/2015:20:30:41 +0100,GET
91.211.128.249,12/Dec/2015:20:30:41 +0100,POST
37.45.11.101,12/Dec/2015:20:31:57 +0100,GET
37.45.11.101,12/Dec/2015:20:31:57 +0100,POST
178.252.127.248,12/Dec/2015:20:33:13 +0100,GET
178.252.127.248,12/Dec/2015:20:33:14 +0100,POST
94.233.147.245,12/Dec/2015:20:36:12 +0100,GET
94.233.147.245,12/Dec/2015:20:36:13 +0100,POST
95.153.132.103,12/Dec/2015:20:36:21 +0100,GET
95.153.132.103,12/Dec/2015:20:36:22 +0100,POST
66.249.66.5,12/Dec/2015:20:37:57 +0100,GET
109.252.11.47,12/Dec/2015:20:40:42 +0100,GET
109.252.11.47,12/Dec/2015:20:40:42 +0100,POST
92.244.224.113,12/Dec/2015:20:41:06 +0100,GET
92.244.224.113,12/Dec/2015:20:41:06 +0100,POST
83.167.113.100,12/Dec/2015:20:42:54 +0100,GET
83.167.113.100,12/Dec/2015:20:42:54 +0100,POST
2.93.161.253,12/Dec/2015:20:46:19 +0100,GET
2.93.161.253,12/Dec/2015:20:46:19 +0100,POST
188.191.175.165,12/Dec/2015:20:48:24 +0100,GET
188.191.175.165,12/Dec/2015:20:48:24 +0100,POST
188.17.60.192,12/Dec/2015:20:58:19 +0100,GET
188.17.60.192,12/Dec/2015:20:58:20 +0100,POST
109.172.31.79,12/Dec/2015:20:59:58 +0100,GET
109.172.31.79,12/Dec/2015:20:59:58 +0100,POST
130.255.13.57,12/Dec/2015:21:02:00 +0100,GET
130.255.13.57,12/Dec/2015:21:02:00 +0100,POST
66.249.66.16,12/Dec/2015:21:02:37 +0100,GET
46.72.184.174,12/Dec/2015:21:04:34 +0100,GET
46.72.184.174,12/Dec/2015:21:04:34 +0100,POST
2.134.205.87,12/Dec/2015:21:06:21 +0100,GET
2.134.205.87,12/Dec/2015:21:06:22 +0100,POST
95.140.24.131,12/Dec/2015:21:09:25 +0100,GET
95.140.24.131,12/Dec/2015:21:09:25 +0100,POST
83.237.109.103,12/Dec/2015:21:11:14 +0100,GET
83.237.109.103,12/Dec/2015:21:11:15 +0100,POST
5.140.164.122,12/Dec/2015:21:14:51 +0100,GET
5.140.164.122,12/Dec/2015:21:14:52 +0100,POST
212.12.28.122,12/Dec/2015:21:16:28 +0100,GET
212.12.28.122,12/Dec/2015:21:16:28 +0100,POST
46.61.242.117,12/Dec/2015:21:18:51 +0100,GET
46.61.242.117,12/Dec/2015:21:18:51 +0100,POST
107.168.140.56,12/Dec/2015:21:19:54 +0100,GET
83.167.113.100,12/Dec/2015:21:24:36 +0100,GET
83.167.113.100,12/Dec/2015:21:24:36 +0100,POST
80.66.158.8,12/Dec/2015:21:26:04 +0100,GET
80.66.158.8,12/Dec/2015:21:26:05 +0100,POST
94.233.147.245,12/Dec/2015:21:27:26 +0100,GET
94.233.147.245,12/Dec/2015:21:27:26 +0100,POST
5.164.167.182,12/Dec/2015:21:28:20 +0100,GET
5.164.167.182,12/Dec/2015:21:28:20 +0100,POST
95.105.39.25,12/Dec/2015:21:31:58 +0100,GET
95.105.39.25,12/Dec/2015:21:31:58 +0100,POST
201.79.97.230,12/Dec/2015:21:34:09 +0100,GET
201.79.97.230,12/Dec/2015:21:34:09 +0100,POST
41.33.191.114,12/Dec/2015:21:35:59 +0100,GET
46.61.15.146,12/Dec/2015:21:36:45 +0100,GET
46.61.15.146,12/Dec/2015:21:36:45 +0100,POST
87.159.214.230,12/Dec/2015:21:42:48 +0100,GET
84.18.126.216,12/Dec/2015:21:43:34 +0100,GET
84.18.126.216,12/Dec/2015:21:43:34 +0100,POST
188.123.230.195,12/Dec/2015:21:47:50 +0100,GET
188.123.230.195,12/Dec/2015:21:47:50 +0100,POST
66.249.66.16,12/Dec/2015:21:48:18 +0100,GET
89.105.140.247,12/Dec/2015:21:48:18 +0100,GET
89.105.140.247,12/Dec/2015:21:48:19 +0100,POST
176.105.13.78,12/Dec/2015:21:48:54 +0100,GET
176.105.13.78,12/Dec/2015:21:48:54 +0100,POST
94.41.213.58,12/Dec/2015:21:50:29 +0100,GET
94.41.213.58,12/Dec/2015:21:50:29 +0100,POST
92.244.224.113,12/Dec/2015:21:51:52 +0100,GET
92.244.224.113,12/Dec/2015:21:51:52 +0100,POST
109.106.143.62,12/Dec/2015:21:53:39 +0100,GET
109.106.143.62,12/Dec/2015:21:53:39 +0100,POST
178.204.7.30,12/Dec/2015:21:54:15 +0100,GET
178.204.7.30,12/Dec/2015:21:54:15 +0100,POST
159.182.107.1,12/Dec/2015:21:56:50 +0100,GET
91.227.190.44,12/Dec/2015:21:59:33 +0100,GET
91.227.190.44,12/Dec/2015:21:59:33 +0100,POST
46.61.242.117,12/Dec/2015:22:02:03 +0100,GET
46.61.242.117,12/Dec/2015:22:02:03 +0100,POST
213.167.43.54,12/Dec/2015:22:02:47 +0100,GET
213.167.43.54,12/Dec/2015:22:02:47 +0100,POST
91.227.190.44,12/Dec/2015:22:14:45 +0100,GET
91.227.190.44,12/Dec/2015:22:14:45 +0100,POST
46.180.164.219,12/Dec/2015:22:15:38 +0100,GET
46.180.164.219,12/Dec/2015:22:15:38 +0100,POST
187.58.71.107,12/Dec/2015:22:16:13 +0100,GET
187.58.71.107,12/Dec/2015:22:16:14 +0100,POST
95.153.135.72,12/Dec/2015:22:19:02 +0100,GET
95.153.135.72,12/Dec/2015:22:19:02 +0100,POST
92.101.154.122,12/Dec/2015:22:20:57 +0100,GET
92.101.154.122,12/Dec/2015:22:20:57 +0100,POST
128.70.41.172,12/Dec/2015:22:22:13 +0100,GET
128.70.41.172,12/Dec/2015:22:22:14 +0100,POST
188.191.175.165,12/Dec/2015:22:22:15 +0100,GET
188.191.175.165,12/Dec/2015:22:22:15 +0100,POST
46.0.172.1,12/Dec/2015:22:22:57 +0100,GET
46.0.172.1,12/Dec/2015:22:22:57 +0100,POST
91.76.34.203,12/Dec/2015:22:24:32 +0100,GET
91.76.34.203,12/Dec/2015:22:24:32 +0100,POST
177.201.52.125,12/Dec/2015:22:26:32 +0100,GET
177.201.52.125,12/Dec/2015:22:26:32 +0100,POST
62.192.246.119,12/Dec/2015:22:27:03 +0100,GET
62.192.246.119,12/Dec/2015:22:27:03 +0100,POST
189.13.146.143,12/Dec/2015:22:28:10 +0100,GET
189.13.146.143,12/Dec/2015:22:28:10 +0100,POST
89.28.162.61,12/Dec/2015:22:28:47 +0100,GET
89.28.162.61,12/Dec/2015:22:28:47 +0100,POST
109.172.31.79,12/Dec/2015:22:29:01 +0100,GET
109.172.31.79,12/Dec/2015:22:29:02 +0100,POST
188.230.81.36,12/Dec/2015:22:31:36 +0100,GET
188.230.81.36,12/Dec/2015:22:31:36 +0100,POST
192.227.224.48,12/Dec/2015:22:37:42 +0100,GET
85.174.39.161,12/Dec/2015:22:38:43 +0100,GET
85.174.39.161,12/Dec/2015:22:38:43 +0100,POST
46.0.172.1,12/Dec/2015:22:39:14 +0100,GET
46.0.172.1,12/Dec/2015:22:39:14 +0100,POST
109.173.87.93,12/Dec/2015:22:47:22 +0100,GET
109.173.87.93,12/Dec/2015:22:47:22 +0100,POST
95.78.52.106,12/Dec/2015:22:50:07 +0100,GET
95.78.52.106,12/Dec/2015:22:50:07 +0100,POST
37.78.90.110,12/Dec/2015:22:51:33 +0100,GET
37.78.90.110,12/Dec/2015:22:51:34 +0100,POST
188.123.230.195,12/Dec/2015:22:53:42 +0100,GET
188.123.230.195,12/Dec/2015:22:53:42 +0100,POST
189.13.146.143,12/Dec/2015:22:54:29 +0100,GET
189.13.146.143,12/Dec/2015:22:54:29 +0100,POST
46.61.242.86,12/Dec/2015:22:55:13 +0100,GET
46.61.242.86,12/Dec/2015:22:55:13 +0100,POST
93.157.235.169,12/Dec/2015:23:00:35 +0100,GET
93.157.235.169,12/Dec/2015:23:00:35 +0100,POST
83.69.0.48,12/Dec/2015:23:02:55 +0100,GET
83.69.0.48,12/Dec/2015:23:02:55 +0100,POST
212.12.28.122,12/Dec/2015:23:05:53 +0100,GET
212.12.28.122,12/Dec/2015:23:05:53 +0100,POST
185.115.96.41,12/Dec/2015:23:07:53 +0100,GET
185.115.96.41,12/Dec/2015:23:07:53 +0100,POST
192.162.27.227,12/Dec/2015:23:13:50 +0100,GET
109.106.143.62,12/Dec/2015:23:18:19 +0100,GET
109.106.143.62,12/Dec/2015:23:18:19 +0100,POST
77.243.115.178,12/Dec/2015:23:19:23 +0100,GET
77.243.115.178,12/Dec/2015:23:19:23 +0100,POST
66.249.66.5,12/Dec/2015:23:24:28 +0100,GET
80.66.158.12,12/Dec/2015:23:28:16 +0100,GET
80.66.158.12,12/Dec/2015:23:28:17 +0100,POST
83.167.113.100,12/Dec/2015:23:32:51 +0100,GET
83.167.113.100,12/Dec/2015:23:32:51 +0100,POST
212.7.217.50,12/Dec/2015:23:34:36 +0100,GET
212.7.217.50,12/Dec/2015:23:34:36 +0100,POST
91.233.165.63,12/Dec/2015:23:39:11 +0100,GET
91.233.165.63,12/Dec/2015:23:39:11 +0100,POST
95.47.158.158,12/Dec/2015:23:39:23 +0100,GET
95.47.158.158,12/Dec/2015:23:39:23 +0100,POST
177.98.255.56,12/Dec/2015:23:43:53 +0100,GET
177.98.255.56,12/Dec/2015:23:43:54 +0100,POST
109.248.180.73,12/Dec/2015:23:45:46 +0100,GET
109.248.180.73,12/Dec/2015:23:45:46 +0100,POST
178.88.155.223,12/Dec/2015:23:47:21 +0100,GET
178.88.155.223,12/Dec/2015:23:47:22 +0100,POST
94.19.16.84,12/Dec/2015:23:52:20 +0100,GET
94.19.16.84,12/Dec/2015:23:52:20 +0100,POST
46.72.185.236,12/Dec/2015:23:53:30 +0100,GET
46.72.185.236,12/Dec/2015:23:53:30 +0100,POST
201.79.97.230,12/Dec/2015:23:54:27 +0100,GET
201.79.97.230,12/Dec/2015:23:54:27 +0100,POST
217.23.187.201,12/Dec/2015:23:58:08 +0100,GET
217.23.187.201,12/Dec/2015:23:58:09 +0100,POST
89.178.243.193,12/Dec/2015:23:59:19 +0100,GET
89.178.243.193,12/Dec/2015:23:59:19 +0100,POST
176.105.13.78,12/Dec/2015:23:59:52 +0100,GET
176.105.13.78,12/Dec/2015:23:59:52 +0100,POST
109.106.143.62,13/Dec/2015:00:00:20 +0100,GET
109.106.143.62,13/Dec/2015:00:00:20 +0100,POST
80.70.106.8,13/Dec/2015:00:01:09 +0100,GET
80.70.106.8,13/Dec/2015:00:01:09 +0100,POST
188.143.232.11,13/Dec/2015:00:01:23 +0100,GET
2.93.207.163,13/Dec/2015:00:06:34 +0100,GET
2.93.207.163,13/Dec/2015:00:06:36 +0100,POST
95.191.144.222,13/Dec/2015:00:10:33 +0100,GET
95.191.144.222,13/Dec/2015:00:10:34 +0100,POST
37.229.199.230,13/Dec/2015:00:28:11 +0100,GET
37.229.199.230,13/Dec/2015:00:28:11 +0100,POST
83.69.0.48,13/Dec/2015:00:30:17 +0100,GET
83.69.0.48,13/Dec/2015:00:30:17 +0100,POST
37.78.90.110,13/Dec/2015:00:35:23 +0100,GET
37.78.90.110,13/Dec/2015:00:35:23 +0100,POST
95.153.132.98,13/Dec/2015:00:37:13 +0100,GET
95.153.132.98,13/Dec/2015:00:37:14 +0100,POST
5.138.178.69,13/Dec/2015:00:39:39 +0100,GET
5.138.178.69,13/Dec/2015:00:39:39 +0100,POST
80.70.106.8,13/Dec/2015:00:39:46 +0100,GET
80.70.106.8,13/Dec/2015:00:39:47 +0100,POST
66.249.66.19,13/Dec/2015:00:40:24 +0100,GET
157.55.39.3,13/Dec/2015:00:46:58 +0100,GET
92.37.231.110,13/Dec/2015:00:50:25 +0100,GET
92.37.231.110,13/Dec/2015:00:50:26 +0100,POST
109.106.143.62,13/Dec/2015:00:50:58 +0100,GET
109.106.143.62,13/Dec/2015:00:50:59 +0100,POST
185.115.96.41,13/Dec/2015:00:56:42 +0100,GET
185.115.96.41,13/Dec/2015:00:56:43 +0100,POST
94.19.16.84,13/Dec/2015:00:57:32 +0100,GET
94.19.16.84,13/Dec/2015:00:57:32 +0100,POST
157.55.39.3,13/Dec/2015:01:00:50 +0100,GET
157.55.39.3,13/Dec/2015:01:01:19 +0100,GET
199.168.148.146,13/Dec/2015:01:01:58 +0100,GET
217.23.186.4,13/Dec/2015:01:08:17 +0100,GET
217.23.186.4,13/Dec/2015:01:08:17 +0100,POST
95.32.85.147,13/Dec/2015:01:13:02 +0100,GET
95.32.85.147,13/Dec/2015:01:13:02 +0100,POST
162.254.33.118,13/Dec/2015:01:29:36 +0100,GET
177.98.255.56,13/Dec/2015:01:29:42 +0100,GET
177.98.255.56,13/Dec/2015:01:29:43 +0100,POST
23.254.240.222,13/Dec/2015:01:29:58 +0100,GET
94.233.8.101,13/Dec/2015:01:33:26 +0100,GET
94.233.8.101,13/Dec/2015:01:33:36 +0100,POST
213.87.128.6,13/Dec/2015:01:36:45 +0100,GET
213.87.128.6,13/Dec/2015:01:36:45 +0100,POST
83.167.113.100,13/Dec/2015:02:30:28 +0100,GET
109.197.194.109,13/Dec/2015:02:33:01 +0100,GET
109.188.126.7,13/Dec/2015:02:43:52 +0100,GET
109.188.126.7,13/Dec/2015:02:43:52 +0100,POST
89.178.243.193,13/Dec/2015:02:51:25 +0100,GET
89.178.243.193,13/Dec/2015:02:51:26 +0100,POST
189.13.146.143,13/Dec/2015:02:56:23 +0100,GET
189.13.146.143,13/Dec/2015:02:56:23 +0100,POST
181.214.37.170,13/Dec/2015:02:59:39 +0100,GET
178.88.155.223,13/Dec/2015:03:02:05 +0100,GET
178.88.155.223,13/Dec/2015:03:02:06 +0100,POST
66.249.66.16,13/Dec/2015:03:04:46 +0100,GET
188.0.189.69,13/Dec/2015:03:04:56 +0100,GET
188.0.189.69,13/Dec/2015:03:04:56 +0100,POST
194.186.202.222,13/Dec/2015:03:10:17 +0100,GET
194.186.202.222,13/Dec/2015:03:10:17 +0100,POST
95.53.101.191,13/Dec/2015:03:13:49 +0100,GET
95.53.101.191,13/Dec/2015:03:13:49 +0100,POST
94.233.8.101,13/Dec/2015:03:14:58 +0100,GET
94.233.8.101,13/Dec/2015:03:14:59 +0100,POST
109.106.143.62,13/Dec/2015:03:20:13 +0100,GET
109.106.143.62,13/Dec/2015:03:20:13 +0100,POST
176.96.253.187,13/Dec/2015:03:27:59 +0100,GET
176.96.253.187,13/Dec/2015:03:27:59 +0100,POST
87.255.246.50,13/Dec/2015:03:28:54 +0100,GET
87.255.246.50,13/Dec/2015:03:28:55 +0100,POST
37.1.206.196,13/Dec/2015:03:29:13 +0100,GET
37.1.206.196,13/Dec/2015:03:29:13 +0100,POST
37.1.206.196,13/Dec/2015:03:29:13 +0100,GET
187.112.238.242,13/Dec/2015:03:37:19 +0100,GET
187.112.238.242,13/Dec/2015:03:37:19 +0100,POST
146.120.107.98,13/Dec/2015:03:44:58 +0100,GET
146.120.107.98,13/Dec/2015:03:44:58 +0100,POST
178.204.13.65,13/Dec/2015:03:46:53 +0100,GET
178.204.13.65,13/Dec/2015:03:46:53 +0100,POST
85.140.5.75,13/Dec/2015:03:50:50 +0100,GET
85.140.5.75,13/Dec/2015:03:50:50 +0100,POST
177.159.102.216,13/Dec/2015:03:53:11 +0100,GET
177.159.102.216,13/Dec/2015:03:53:12 +0100,POST
5.44.172.217,13/Dec/2015:03:53:45 +0100,GET
5.44.172.217,13/Dec/2015:03:53:45 +0100,POST
188.165.15.204,13/Dec/2015:03:55:30 +0100,GET
106.3.37.223,13/Dec/2015:03:56:08 +0100,GET
213.167.43.54,13/Dec/2015:03:56:51 +0100,GET
213.167.43.54,13/Dec/2015:03:56:51 +0100,POST
109.60.236.215,13/Dec/2015:03:57:27 +0100,GET
109.60.236.215,13/Dec/2015:03:57:27 +0100,POST
89.145.141.195,13/Dec/2015:03:59:19 +0100,GET
89.145.141.195,13/Dec/2015:03:59:19 +0100,POST
185.31.167.111,13/Dec/2015:04:01:06 +0100,GET
185.31.167.111,13/Dec/2015:04:01:06 +0100,POST
31.134.53.96,13/Dec/2015:04:08:50 +0100,GET
46.44.5.179,13/Dec/2015:04:10:24 +0100,GET
46.44.5.179,13/Dec/2015:04:10:24 +0100,POST
178.204.13.65,13/Dec/2015:04:10:50 +0100,GET
178.204.13.65,13/Dec/2015:04:10:50 +0100,POST
109.188.126.7,13/Dec/2015:04:12:42 +0100,GET
109.188.126.7,13/Dec/2015:04:12:42 +0100,POST
177.193.76.80,13/Dec/2015:04:14:49 +0100,GET
177.193.76.80,13/Dec/2015:04:14:50 +0100,POST
212.12.28.122,13/Dec/2015:04:23:11 +0100,GET
212.12.28.122,13/Dec/2015:04:23:12 +0100,POST
198.46.246.102,13/Dec/2015:04:28:21 +0100,GET
213.167.43.54,13/Dec/2015:04:40:39 +0100,GET
213.167.43.54,13/Dec/2015:04:40:39 +0100,POST
177.203.52.133,13/Dec/2015:04:43:03 +0100,GET
177.203.52.133,13/Dec/2015:04:43:04 +0100,POST
194.48.218.78,13/Dec/2015:04:46:46 +0100,GET
194.48.218.78,13/Dec/2015:04:46:47 +0100,POST
157.55.39.8,13/Dec/2015:04:55:10 +0100,GET
157.55.39.8,13/Dec/2015:04:55:12 +0100,GET
5.140.31.161,13/Dec/2015:05:04:17 +0100,GET
5.140.31.161,13/Dec/2015:05:04:17 +0100,POST
107.173.176.148,13/Dec/2015:05:11:56 +0100,GET
188.191.175.166,13/Dec/2015:05:13:26 +0100,GET
188.191.175.166,13/Dec/2015:05:13:26 +0100,POST
89.105.140.247,13/Dec/2015:05:15:12 +0100,GET
89.105.140.247,13/Dec/2015:05:15:12 +0100,POST
5.138.178.69,13/Dec/2015:05:24:45 +0100,GET
5.138.178.69,13/Dec/2015:05:24:45 +0100,POST
188.191.175.166,13/Dec/2015:05:32:48 +0100,GET
188.191.175.166,13/Dec/2015:05:32:49 +0100,POST
109.106.143.62,13/Dec/2015:05:35:41 +0100,GET
109.106.143.62,13/Dec/2015:05:35:41 +0100,POST
188.0.189.113,13/Dec/2015:05:46:45 +0100,GET
188.0.189.113,13/Dec/2015:05:46:45 +0100,POST
95.78.52.106,13/Dec/2015:05:46:56 +0100,GET
95.78.52.106,13/Dec/2015:05:46:57 +0100,POST
62.141.121.10,13/Dec/2015:05:52:32 +0100,GET
62.141.121.10,13/Dec/2015:05:52:33 +0100,POST
207.46.13.57,13/Dec/2015:05:52:43 +0100,GET
85.26.232.27,13/Dec/2015:05:52:49 +0100,GET
85.26.232.27,13/Dec/2015:05:52:49 +0100,POST
188.191.175.166,13/Dec/2015:05:56:04 +0100,GET
188.191.175.166,13/Dec/2015:05:56:04 +0100,POST
177.98.255.56,13/Dec/2015:06:00:48 +0100,GET
177.98.255.56,13/Dec/2015:06:00:48 +0100,POST
83.167.113.100,13/Dec/2015:06:06:19 +0100,GET
83.167.113.100,13/Dec/2015:06:06:19 +0100,POST
177.193.76.80,13/Dec/2015:06:19:39 +0100,GET
177.193.76.80,13/Dec/2015:06:19:39 +0100,POST
83.69.0.72,13/Dec/2015:06:20:45 +0100,GET
83.69.0.72,13/Dec/2015:06:20:45 +0100,POST
95.153.135.72,13/Dec/2015:06:22:31 +0100,GET
95.153.135.72,13/Dec/2015:06:22:31 +0100,POST
37.200.76.18,13/Dec/2015:06:23:27 +0100,GET
37.200.76.18,13/Dec/2015:06:23:27 +0100,POST
178.44.113.180,13/Dec/2015:06:23:42 +0100,GET
178.44.113.180,13/Dec/2015:06:23:42 +0100,POST
178.45.44.138,13/Dec/2015:06:24:28 +0100,GET
178.45.44.138,13/Dec/2015:06:24:28 +0100,POST
37.146.123.167,13/Dec/2015:06:32:13 +0100,GET
37.146.123.167,13/Dec/2015:06:32:14 +0100,POST
95.25.206.81,13/Dec/2015:06:32:52 +0100,GET
95.25.206.81,13/Dec/2015:06:32:52 +0100,POST
46.211.46.18,13/Dec/2015:06:34:59 +0100,GET
46.211.46.18,13/Dec/2015:06:34:59 +0100,POST
66.249.66.19,13/Dec/2015:06:35:51 +0100,GET
95.24.218.160,13/Dec/2015:06:38:19 +0100,GET
95.24.218.160,13/Dec/2015:06:38:19 +0100,POST
201.79.97.230,13/Dec/2015:06:38:35 +0100,GET
201.79.97.230,13/Dec/2015:06:38:36 +0100,POST
37.1.206.196,13/Dec/2015:06:39:52 +0100,GET
37.1.206.196,13/Dec/2015:06:39:52 +0100,POST
37.1.206.196,13/Dec/2015:06:39:52 +0100,GET
189.12.158.85,13/Dec/2015:06:44:00 +0100,GET
189.12.158.85,13/Dec/2015:06:44:03 +0100,POST
109.61.245.72,13/Dec/2015:06:49:24 +0100,GET
109.61.245.72,13/Dec/2015:06:49:24 +0100,POST
37.78.254.205,13/Dec/2015:06:51:21 +0100,GET
37.78.254.205,13/Dec/2015:06:51:22 +0100,POST
194.186.202.222,13/Dec/2015:06:54:11 +0100,GET
194.186.202.222,13/Dec/2015:06:54:11 +0100,POST
95.53.101.191,13/Dec/2015:06:58:55 +0100,GET
95.53.101.191,13/Dec/2015:06:58:56 +0100,POST
109.106.143.62,13/Dec/2015:06:59:24 +0100,GET
109.106.143.62,13/Dec/2015:06:59:24 +0100,POST
178.204.13.65,13/Dec/2015:07:08:22 +0100,GET
178.204.13.65,13/Dec/2015:07:08:22 +0100,POST
5.138.178.69,13/Dec/2015:07:14:34 +0100,GET
5.138.178.69,13/Dec/2015:07:14:34 +0100,POST
177.98.255.56,13/Dec/2015:07:17:13 +0100,GET
177.98.255.56,13/Dec/2015:07:17:13 +0100,POST
213.87.145.211,13/Dec/2015:07:19:20 +0100,GET
213.87.145.211,13/Dec/2015:07:19:21 +0100,POST
37.146.123.167,13/Dec/2015:07:21:51 +0100,GET
37.146.123.167,13/Dec/2015:07:21:52 +0100,POST
101.226.166.213,13/Dec/2015:07:26:38 +0100,GET
109.194.45.159,13/Dec/2015:07:27:04 +0100,GET
109.194.45.159,13/Dec/2015:07:27:04 +0100,POST
37.78.90.110,13/Dec/2015:07:34:18 +0100,GET
37.78.90.110,13/Dec/2015:07:34:18 +0100,POST
67.17.36.130,13/Dec/2015:07:35:21 +0100,GET
67.17.36.130,13/Dec/2015:07:35:26 +0100,GET
187.58.71.107,13/Dec/2015:07:37:18 +0100,GET
187.58.71.107,13/Dec/2015:07:37:19 +0100,POST
92.126.5.50,13/Dec/2015:07:37:35 +0100,GET
92.126.5.50,13/Dec/2015:07:37:35 +0100,POST
5.141.88.217,13/Dec/2015:07:40:41 +0100,GET
5.141.88.217,13/Dec/2015:07:40:41 +0100,POST
213.24.127.71,13/Dec/2015:07:44:49 +0100,GET
213.24.127.71,13/Dec/2015:07:44:50 +0100,POST
111.14.40.153,13/Dec/2015:07:46:43 +0100,GET
94.233.8.101,13/Dec/2015:07:47:31 +0100,GET
94.233.8.101,13/Dec/2015:07:47:32 +0100,POST
178.204.13.65,13/Dec/2015:07:51:21 +0100,GET
178.204.13.65,13/Dec/2015:07:51:21 +0100,POST
37.1.206.196,13/Dec/2015:07:53:47 +0100,GET
37.1.206.196,13/Dec/2015:07:53:47 +0100,POST
37.1.206.196,13/Dec/2015:07:53:47 +0100,GET
46.166.75.133,13/Dec/2015:07:54:51 +0100,GET
46.166.75.133,13/Dec/2015:07:54:51 +0100,POST
85.26.234.107,13/Dec/2015:07:55:16 +0100,GET
85.26.234.107,13/Dec/2015:07:55:16 +0100,POST
188.191.175.166,13/Dec/2015:07:55:39 +0100,GET
188.191.175.166,13/Dec/2015:07:55:39 +0100,POST
109.106.142.176,13/Dec/2015:08:00:25 +0100,GET
109.106.142.176,13/Dec/2015:08:00:25 +0100,POST
109.61.245.72,13/Dec/2015:08:05:05 +0100,GET
109.61.245.72,13/Dec/2015:08:05:05 +0100,POST
178.129.14.85,13/Dec/2015:08:05:09 +0100,GET
178.129.14.85,13/Dec/2015:08:05:10 +0100,POST
177.98.255.56,13/Dec/2015:08:09:18 +0100,GET
177.98.255.56,13/Dec/2015:08:09:18 +0100,POST
77.232.140.235,13/Dec/2015:08:12:11 +0100,GET
77.232.140.235,13/Dec/2015:08:12:11 +0100,POST
177.159.102.216,13/Dec/2015:08:17:51 +0100,GET
177.159.102.216,13/Dec/2015:08:17:52 +0100,POST
66.249.66.22,13/Dec/2015:08:17:54 +0100,GET
178.57.114.158,13/Dec/2015:08:18:38 +0100,GET
178.57.114.158,13/Dec/2015:08:18:38 +0100,POST
37.113.244.223,13/Dec/2015:08:21:55 +0100,GET
37.113.244.223,13/Dec/2015:08:21:55 +0100,POST
190.85.50.123,13/Dec/2015:08:23:06 +0100,GET
190.85.50.123,13/Dec/2015:08:23:09 +0100,GET
87.255.246.50,13/Dec/2015:08:24:38 +0100,GET
87.255.246.50,13/Dec/2015:08:24:38 +0100,POST
95.191.144.222,13/Dec/2015:08:26:29 +0100,GET
95.191.144.222,13/Dec/2015:08:26:29 +0100,POST
46.211.46.18,13/Dec/2015:08:27:49 +0100,GET
46.211.46.18,13/Dec/2015:08:27:49 +0100,POST
80.245.117.132,13/Dec/2015:08:30:38 +0100,GET
80.245.117.132,13/Dec/2015:08:30:38 +0100,POST
109.106.142.176,13/Dec/2015:08:32:16 +0100,GET
109.106.142.176,13/Dec/2015:08:32:16 +0100,POST
213.167.43.54,13/Dec/2015:08:33:44 +0100,GET
213.167.43.54,13/Dec/2015:08:33:45 +0100,POST
2.93.199.113,13/Dec/2015:08:37:43 +0100,GET
2.93.199.113,13/Dec/2015:08:37:43 +0100,POST
89.28.162.22,13/Dec/2015:08:40:37 +0100,GET
89.28.162.22,13/Dec/2015:08:40:37 +0100,POST
87.255.246.50,13/Dec/2015:08:40:53 +0100,GET
87.255.246.50,13/Dec/2015:08:40:53 +0100,POST
37.78.237.175,13/Dec/2015:08:40:57 +0100,GET
37.78.237.175,13/Dec/2015:08:40:57 +0100,POST
80.70.106.8,13/Dec/2015:08:43:10 +0100,GET
80.70.106.8,13/Dec/2015:08:43:10 +0100,POST
87.117.38.167,13/Dec/2015:08:43:33 +0100,GET
87.117.38.167,13/Dec/2015:08:43:33 +0100,POST
62.210.113.241,13/Dec/2015:08:44:03 +0100,GET
95.47.158.158,13/Dec/2015:08:49:30 +0100,GET
95.47.158.158,13/Dec/2015:08:49:30 +0100,POST
187.112.238.242,13/Dec/2015:08:50:25 +0100,GET
187.112.238.242,13/Dec/2015:08:50:26 +0100,POST
188.191.175.166,13/Dec/2015:08:51:29 +0100,GET
188.191.175.166,13/Dec/2015:08:51:29 +0100,POST
178.34.161.183,13/Dec/2015:08:51:35 +0100,GET
178.34.161.183,13/Dec/2015:08:51:36 +0100,POST
46.0.208.30,13/Dec/2015:08:54:41 +0100,GET
46.0.208.30,13/Dec/2015:08:54:41 +0100,POST
177.203.52.133,13/Dec/2015:08:57:16 +0100,GET
177.203.52.133,13/Dec/2015:08:57:16 +0100,POST
94.233.151.33,13/Dec/2015:08:59:51 +0100,GET
94.233.151.33,13/Dec/2015:08:59:52 +0100,POST
31.132.225.75,13/Dec/2015:09:00:07 +0100,GET
31.132.225.75,13/Dec/2015:09:00:07 +0100,POST
81.163.98.48,13/Dec/2015:09:01:40 +0100,GET
81.163.98.48,13/Dec/2015:09:01:40 +0100,POST
5.255.253.120,13/Dec/2015:09:01:48 +0100,GET
130.193.50.25,13/Dec/2015:09:01:49 +0100,GET
5.255.253.120,13/Dec/2015:09:01:53 +0100,GET
130.193.50.25,13/Dec/2015:09:01:53 +0100,GET
130.193.50.25,13/Dec/2015:09:02:03 +0100,GET
5.255.253.120,13/Dec/2015:09:02:03 +0100,GET
91.227.190.44,13/Dec/2015:09:03:33 +0100,GET
91.227.190.44,13/Dec/2015:09:03:33 +0100,POST
2.93.22.237,13/Dec/2015:09:04:16 +0100,GET
2.93.22.237,13/Dec/2015:09:04:16 +0100,POST
88.200.214.77,13/Dec/2015:09:05:56 +0100,GET
88.200.214.77,13/Dec/2015:09:05:56 +0100,POST
176.105.13.78,13/Dec/2015:09:07:14 +0100,GET
176.105.13.78,13/Dec/2015:09:07:14 +0100,POST
77.34.113.155,13/Dec/2015:09:07:19 +0100,GET
77.34.113.155,13/Dec/2015:09:07:20 +0100,POST
180.76.15.139,13/Dec/2015:09:12:27 +0100,GET
95.188.224.197,13/Dec/2015:09:13:57 +0100,GET
95.188.224.197,13/Dec/2015:09:13:57 +0100,POST
95.133.214.131,13/Dec/2015:09:14:16 +0100,GET
95.133.214.131,13/Dec/2015:09:14:16 +0100,POST
176.36.189.241,13/Dec/2015:09:14:19 +0100,GET
176.36.189.241,13/Dec/2015:09:14:19 +0100,POST
92.37.231.110,13/Dec/2015:09:15:11 +0100,GET
92.37.231.110,13/Dec/2015:09:15:11 +0100,POST
206.59.253.65,13/Dec/2015:09:17:30 +0100,GET
37.19.35.108,13/Dec/2015:09:20:58 +0100,GET
37.19.35.108,13/Dec/2015:09:20:58 +0100,POST
213.234.14.220,13/Dec/2015:09:21:08 +0100,GET
213.234.14.220,13/Dec/2015:09:21:08 +0100,POST
62.32.68.77,13/Dec/2015:09:25:43 +0100,GET
62.32.68.77,13/Dec/2015:09:25:43 +0100,POST
46.180.125.155,13/Dec/2015:09:27:31 +0100,GET
46.180.125.155,13/Dec/2015:09:27:31 +0100,POST
188.191.175.166,13/Dec/2015:09:31:01 +0100,GET
188.191.175.166,13/Dec/2015:09:31:01 +0100,POST
178.204.13.65,13/Dec/2015:09:31:07 +0100,GET
178.204.13.65,13/Dec/2015:09:31:08 +0100,POST
2.93.87.79,13/Dec/2015:09:31:15 +0100,GET
2.93.87.79,13/Dec/2015:09:31:16 +0100,POST
85.174.39.161,13/Dec/2015:09:43:17 +0100,GET
85.174.39.161,13/Dec/2015:09:43:17 +0100,POST
103.53.16.6,13/Dec/2015:09:49:34 +0100,GET
85.95.187.231,13/Dec/2015:09:54:42 +0100,GET
85.95.187.231,13/Dec/2015:09:54:42 +0100,POST
176.124.168.83,13/Dec/2015:09:57:37 +0100,GET
176.124.168.83,13/Dec/2015:09:57:38 +0100,POST
2.93.207.76,13/Dec/2015:09:59:42 +0100,GET
2.93.207.76,13/Dec/2015:09:59:42 +0100,POST
93.76.246.140,13/Dec/2015:10:00:26 +0100,GET
93.76.246.140,13/Dec/2015:10:00:26 +0100,POST
109.106.143.62,13/Dec/2015:10:02:48 +0100,GET
109.106.143.62,13/Dec/2015:10:02:48 +0100,POST
95.221.14.168,13/Dec/2015:10:04:02 +0100,GET
95.221.14.168,13/Dec/2015:10:04:02 +0100,POST
213.87.103.133,13/Dec/2015:10:05:18 +0100,GET
213.87.103.133,13/Dec/2015:10:05:18 +0100,POST
62.122.96.106,13/Dec/2015:10:10:20 +0100,GET
62.122.96.106,13/Dec/2015:10:10:20 +0100,POST
185.103.26.14,13/Dec/2015:10:11:22 +0100,GET
185.103.26.14,13/Dec/2015:10:11:22 +0100,POST
2.134.205.87,13/Dec/2015:10:14:39 +0100,GET
2.134.205.87,13/Dec/2015:10:14:39 +0100,POST
146.148.50.161,13/Dec/2015:10:15:40 +0100,GET
2.93.22.237,13/Dec/2015:10:16:14 +0100,GET
2.93.22.237,13/Dec/2015:10:16:14 +0100,POST
46.180.125.155,13/Dec/2015:10:16:35 +0100,GET
46.180.125.155,13/Dec/2015:10:16:35 +0100,POST
37.215.38.205,13/Dec/2015:10:18:27 +0100,GET
37.215.38.205,13/Dec/2015:10:18:27 +0100,POST
46.72.210.201,13/Dec/2015:10:23:06 +0100,GET
46.72.210.201,13/Dec/2015:10:23:06 +0100,POST
81.219.208.1,13/Dec/2015:10:23:58 +0100,GET
83.220.236.21,13/Dec/2015:10:24:11 +0100,GET
83.220.236.21,13/Dec/2015:10:24:12 +0100,POST
178.35.29.219,13/Dec/2015:10:24:47 +0100,GET
178.35.29.219,13/Dec/2015:10:24:47 +0100,POST
78.111.186.153,13/Dec/2015:10:25:27 +0100,GET
78.111.186.153,13/Dec/2015:10:25:28 +0100,POST
177.193.76.80,13/Dec/2015:10:26:01 +0100,GET
177.193.76.80,13/Dec/2015:10:26:01 +0100,POST
46.180.164.219,13/Dec/2015:10:26:41 +0100,GET
46.180.164.219,13/Dec/2015:10:26:41 +0100,POST
52.192.135.95,13/Dec/2015:10:28:14 +0100,GET
91.227.29.79,13/Dec/2015:10:28:19 +0100,GET
91.227.29.79,13/Dec/2015:10:28:20 +0100,POST
83.69.0.29,13/Dec/2015:10:33:10 +0100,GET
83.69.0.29,13/Dec/2015:10:33:11 +0100,POST
87.255.246.50,13/Dec/2015:10:33:11 +0100,GET
87.255.246.50,13/Dec/2015:10:33:11 +0100,POST
46.172.112.180,13/Dec/2015:10:33:37 +0100,GET
46.172.112.180,13/Dec/2015:10:33:37 +0100,POST
81.88.222.215,13/Dec/2015:10:35:48 +0100,GET
81.88.222.215,13/Dec/2015:10:35:48 +0100,POST
185.103.26.14,13/Dec/2015:10:36:47 +0100,GET
185.103.26.14,13/Dec/2015:10:36:47 +0100,POST
46.229.140.120,13/Dec/2015:10:37:31 +0100,GET
46.229.140.120,13/Dec/2015:10:37:31 +0100,POST
192.162.212.213,13/Dec/2015:10:39:24 +0100,GET
192.162.212.213,13/Dec/2015:10:39:24 +0100,POST
95.133.214.131,13/Dec/2015:10:41:34 +0100,GET
95.133.214.131,13/Dec/2015:10:41:34 +0100,POST
178.35.7.156,13/Dec/2015:10:43:32 +0100,GET
178.35.7.156,13/Dec/2015:10:43:32 +0100,POST
93.157.235.169,13/Dec/2015:10:49:01 +0100,GET
93.157.235.169,13/Dec/2015:10:49:01 +0100,POST
104.154.90.76,13/Dec/2015:10:49:21 +0100,GET
93.76.246.140,13/Dec/2015:10:51:13 +0100,GET
93.76.246.140,13/Dec/2015:10:51:13 +0100,POST
178.136.213.198,13/Dec/2015:10:51:26 +0100,GET
178.136.213.198,13/Dec/2015:10:51:27 +0100,POST
188.19.35.192,13/Dec/2015:10:51:31 +0100,GET
188.19.35.192,13/Dec/2015:10:51:31 +0100,POST
5.138.36.198,13/Dec/2015:10:53:13 +0100,GET
5.138.36.198,13/Dec/2015:10:53:13 +0100,POST
95.83.171.234,13/Dec/2015:10:54:11 +0100,GET
95.83.171.234,13/Dec/2015:10:54:12 +0100,POST
109.225.200.175,13/Dec/2015:10:58:01 +0100,GET
109.225.200.175,13/Dec/2015:10:58:02 +0100,POST
37.215.38.205,13/Dec/2015:10:58:18 +0100,GET
37.215.38.205,13/Dec/2015:10:58:21 +0100,POST
31.180.50.222,13/Dec/2015:10:59:28 +0100,GET
31.180.50.222,13/Dec/2015:10:59:28 +0100,POST
66.249.66.19,13/Dec/2015:11:02:42 +0100,GET
89.28.162.22,13/Dec/2015:11:05:07 +0100,GET
89.28.162.22,13/Dec/2015:11:05:07 +0100,POST
177.203.52.133,13/Dec/2015:11:05:56 +0100,GET
177.203.52.133,13/Dec/2015:11:05:56 +0100,POST
5.139.193.228,13/Dec/2015:11:06:17 +0100,GET
5.139.193.228,13/Dec/2015:11:06:17 +0100,POST
91.76.34.203,13/Dec/2015:11:08:30 +0100,GET
91.76.34.203,13/Dec/2015:11:08:30 +0100,POST
31.181.253.16,13/Dec/2015:11:10:16 +0100,GET
31.181.253.16,13/Dec/2015:11:10:16 +0100,POST
185.3.32.17,13/Dec/2015:11:10:34 +0100,GET
185.3.32.17,13/Dec/2015:11:10:34 +0100,POST
5.166.200.19,13/Dec/2015:11:14:23 +0100,GET
5.166.200.19,13/Dec/2015:11:14:23 +0100,POST
208.123.223.152,13/Dec/2015:11:14:50 +0100,GET
46.44.5.179,13/Dec/2015:11:16:29 +0100,GET
46.44.5.179,13/Dec/2015:11:16:30 +0100,POST
85.173.94.97,13/Dec/2015:11:19:05 +0100,GET
85.173.94.97,13/Dec/2015:11:19:05 +0100,POST
91.76.68.33,13/Dec/2015:11:19:34 +0100,GET
91.76.68.33,13/Dec/2015:11:19:34 +0100,POST
176.96.253.187,13/Dec/2015:11:20:50 +0100,GET
176.96.253.187,13/Dec/2015:11:20:50 +0100,POST
212.95.7.131,13/Dec/2015:11:28:41 +0100,GET
91.211.128.248,13/Dec/2015:11:29:27 +0100,GET
91.211.128.248,13/Dec/2015:11:29:27 +0100,POST
95.78.35.50,13/Dec/2015:11:30:24 +0100,GET
80.66.158.11,13/Dec/2015:11:32:35 +0100,GET
80.66.158.11,13/Dec/2015:11:32:36 +0100,POST
95.68.202.81,13/Dec/2015:11:34:55 +0100,GET
95.68.202.81,13/Dec/2015:11:34:56 +0100,POST
178.70.135.96,13/Dec/2015:11:36:20 +0100,GET
178.70.135.96,13/Dec/2015:11:36:21 +0100,POST
77.34.113.155,13/Dec/2015:11:37:57 +0100,GET
77.34.113.155,13/Dec/2015:11:37:57 +0100,POST
67.17.36.173,13/Dec/2015:11:40:01 +0100,GET
177.203.52.133,13/Dec/2015:11:41:01 +0100,GET
177.203.52.133,13/Dec/2015:11:41:02 +0100,POST
213.24.125.23,13/Dec/2015:11:43:42 +0100,GET
213.24.125.23,13/Dec/2015:11:43:42 +0100,POST
176.214.173.147,13/Dec/2015:11:43:42 +0100,GET
176.214.173.147,13/Dec/2015:11:43:42 +0100,POST
92.100.31.117,13/Dec/2015:11:44:02 +0100,GET
92.100.31.117,13/Dec/2015:11:44:02 +0100,POST
37.1.206.196,13/Dec/2015:11:45:04 +0100,GET
37.1.206.196,13/Dec/2015:11:45:04 +0100,POST
37.1.206.196,13/Dec/2015:11:45:04 +0100,GET
109.197.194.109,13/Dec/2015:11:48:57 +0100,GET
109.197.194.109,13/Dec/2015:11:48:57 +0100,POST
178.44.113.180,13/Dec/2015:11:50:24 +0100,GET
178.44.113.180,13/Dec/2015:11:50:24 +0100,POST
93.84.175.69,13/Dec/2015:11:50:25 +0100,GET
93.84.175.69,13/Dec/2015:11:50:26 +0100,POST
176.49.68.156,13/Dec/2015:11:52:10 +0100,GET
176.49.68.156,13/Dec/2015:11:52:10 +0100,POST
188.165.200.217,13/Dec/2015:11:55:01 +0100,HEAD
81.20.205.237,13/Dec/2015:11:55:25 +0100,GET
81.20.205.237,13/Dec/2015:11:55:25 +0100,POST
176.124.168.83,13/Dec/2015:11:55:35 +0100,GET
176.124.168.83,13/Dec/2015:11:55:35 +0100,POST
130.255.128.231,13/Dec/2015:11:56:18 +0100,GET
130.255.128.231,13/Dec/2015:11:56:18 +0100,POST
176.194.74.20,13/Dec/2015:11:56:53 +0100,GET
176.194.74.20,13/Dec/2015:11:56:53 +0100,POST
178.206.176.201,13/Dec/2015:11:58:50 +0100,GET
178.206.176.201,13/Dec/2015:11:58:50 +0100,POST
188.17.60.192,13/Dec/2015:12:01:00 +0100,GET
188.17.60.192,13/Dec/2015:12:01:00 +0100,POST
89.178.7.23,13/Dec/2015:12:01:22 +0100,GET
89.178.7.23,13/Dec/2015:12:01:22 +0100,POST
93.185.22.247,13/Dec/2015:12:01:28 +0100,GET
93.185.22.247,13/Dec/2015:12:01:28 +0100,POST
40.77.167.66,13/Dec/2015:12:05:08 +0100,GET
40.77.167.66,13/Dec/2015:12:05:25 +0100,GET
185.103.26.14,13/Dec/2015:12:06:00 +0100,GET
185.103.26.14,13/Dec/2015:12:06:00 +0100,POST
188.187.32.254,13/Dec/2015:12:07:50 +0100,GET
188.187.32.254,13/Dec/2015:12:07:50 +0100,POST
109.169.248.247,13/Dec/2015:12:10:05 +0100,GET
109.169.248.247,13/Dec/2015:12:10:05 +0100,POST
185.103.27.89,13/Dec/2015:12:12:28 +0100,GET
185.103.27.89,13/Dec/2015:12:12:29 +0100,POST
83.69.0.29,13/Dec/2015:12:13:05 +0100,GET
83.69.0.29,13/Dec/2015:12:13:05 +0100,POST
178.167.78.166,13/Dec/2015:12:16:02 +0100,GET
178.167.78.166,13/Dec/2015:12:16:03 +0100,POST
176.49.68.156,13/Dec/2015:12:18:04 +0100,GET
176.49.68.156,13/Dec/2015:12:18:04 +0100,POST
46.72.185.236,13/Dec/2015:12:19:19 +0100,GET
46.72.185.236,13/Dec/2015:12:19:19 +0100,POST
78.81.240.26,13/Dec/2015:12:19:37 +0100,GET
78.81.240.26,13/Dec/2015:12:19:38 +0100,POST
157.55.39.7,13/Dec/2015:12:21:07 +0100,GET
157.55.39.8,13/Dec/2015:12:21:13 +0100,GET
81.20.102.154,13/Dec/2015:12:21:58 +0100,GET
81.20.102.154,13/Dec/2015:12:21:58 +0100,POST
93.76.246.140,13/Dec/2015:12:26:43 +0100,GET
93.76.246.140,13/Dec/2015:12:26:43 +0100,POST
178.44.113.180,13/Dec/2015:12:27:48 +0100,GET
178.44.113.180,13/Dec/2015:12:27:48 +0100,POST
188.165.15.204,13/Dec/2015:12:28:58 +0100,GET
128.73.20.111,13/Dec/2015:12:30:55 +0100,GET
128.73.20.111,13/Dec/2015:12:30:55 +0100,POST
91.203.170.128,13/Dec/2015:12:31:34 +0100,GET
91.203.170.128,13/Dec/2015:12:31:34 +0100,POST
23.95.241.115,13/Dec/2015:12:32:27 +0100,GET
66.249.66.19,13/Dec/2015:12:33:58 +0100,GET
185.3.32.17,13/Dec/2015:12:35:09 +0100,GET
185.3.32.17,13/Dec/2015:12:35:09 +0100,POST
80.66.158.11,13/Dec/2015:12:38:59 +0100,GET
80.66.158.11,13/Dec/2015:12:39:00 +0100,POST
93.76.246.140,13/Dec/2015:12:42:45 +0100,GET
93.76.246.140,13/Dec/2015:12:42:45 +0100,POST
82.193.155.224,13/Dec/2015:12:43:29 +0100,GET
82.193.155.224,13/Dec/2015:12:43:29 +0100,POST
109.169.248.247,13/Dec/2015:12:43:46 +0100,GET
109.169.248.247,13/Dec/2015:12:43:46 +0100,POST
128.71.187.170,13/Dec/2015:12:44:35 +0100,GET
128.71.187.170,13/Dec/2015:12:44:35 +0100,POST
213.24.125.23,13/Dec/2015:12:46:06 +0100,GET
213.24.125.23,13/Dec/2015:12:46:06 +0100,POST
178.129.207.169,13/Dec/2015:12:47:01 +0100,GET
178.129.207.169,13/Dec/2015:12:47:01 +0100,POST
185.3.32.17,13/Dec/2015:12:47:21 +0100,GET
185.3.32.17,13/Dec/2015:12:47:21 +0100,POST
5.140.31.161,13/Dec/2015:12:48:00 +0100,GET
5.140.31.161,13/Dec/2015:12:48:00 +0100,POST
83.167.113.100,13/Dec/2015:12:52:45 +0100,GET
83.167.113.100,13/Dec/2015:12:52:46 +0100,POST
188.120.59.191,13/Dec/2015:12:54:00 +0100,GET
188.120.59.191,13/Dec/2015:12:54:00 +0100,POST
5.141.91.118,13/Dec/2015:12:55:00 +0100,GET
5.141.91.118,13/Dec/2015:12:55:01 +0100,POST
46.146.101.241,13/Dec/2015:12:55:05 +0100,GET
46.146.101.241,13/Dec/2015:12:55:06 +0100,POST
37.1.206.196,13/Dec/2015:12:55:58 +0100,GET
37.1.206.196,13/Dec/2015:12:56:00 +0100,POST
37.1.206.196,13/Dec/2015:12:56:00 +0100,GET
87.117.14.0,13/Dec/2015:12:59:58 +0100,GET
87.117.14.0,13/Dec/2015:12:59:59 +0100,POST
91.227.29.79,13/Dec/2015:13:00:40 +0100,GET
91.227.29.79,13/Dec/2015:13:00:40 +0100,POST
206.59.253.65,13/Dec/2015:13:01:25 +0100,GET
109.184.11.34,13/Dec/2015:13:07:08 +0100,GET
109.184.11.34,13/Dec/2015:13:07:09 +0100,POST
46.166.75.133,13/Dec/2015:13:11:14 +0100,GET
46.166.75.133,13/Dec/2015:13:11:14 +0100,POST
95.29.224.215,13/Dec/2015:13:13:17 +0100,GET
95.29.224.215,13/Dec/2015:13:13:17 +0100,POST
95.53.106.125,13/Dec/2015:13:16:17 +0100,GET
95.53.106.125,13/Dec/2015:13:16:17 +0100,POST
89.232.118.5,13/Dec/2015:13:18:31 +0100,GET
89.232.118.5,13/Dec/2015:13:18:31 +0100,POST
90.154.66.233,13/Dec/2015:13:19:08 +0100,GET
90.154.66.233,13/Dec/2015:13:19:08 +0100,POST
62.210.113.241,13/Dec/2015:13:19:42 +0100,GET
128.72.82.254,13/Dec/2015:13:20:28 +0100,GET
128.72.82.254,13/Dec/2015:13:20:28 +0100,POST
37.113.244.223,13/Dec/2015:13:26:59 +0100,GET
37.113.244.223,13/Dec/2015:13:26:59 +0100,POST
62.141.121.10,13/Dec/2015:13:27:33 +0100,GET
62.141.121.10,13/Dec/2015:13:27:33 +0100,POST
95.140.24.131,13/Dec/2015:13:30:35 +0100,GET
95.140.24.131,13/Dec/2015:13:30:35 +0100,POST
176.214.240.8,13/Dec/2015:13:31:44 +0100,GET
176.214.240.8,13/Dec/2015:13:31:44 +0100,POST
95.139.27.245,13/Dec/2015:13:32:24 +0100,GET
95.139.27.245,13/Dec/2015:13:32:25 +0100,POST
5.138.36.198,13/Dec/2015:13:33:03 +0100,GET
5.138.36.198,13/Dec/2015:13:33:04 +0100,POST
213.24.132.190,13/Dec/2015:13:33:10 +0100,GET
213.24.132.190,13/Dec/2015:13:33:10 +0100,POST
91.211.128.248,13/Dec/2015:13:36:00 +0100,GET
91.211.128.248,13/Dec/2015:13:36:00 +0100,POST
46.211.46.18,13/Dec/2015:13:37:55 +0100,GET
46.211.46.18,13/Dec/2015:13:37:55 +0100,POST
204.44.90.14,13/Dec/2015:13:39:16 +0100,GET
204.44.90.14,13/Dec/2015:13:39:18 +0100,GET
94.19.17.65,13/Dec/2015:13:41:09 +0100,GET
94.19.17.65,13/Dec/2015:13:41:09 +0100,POST
62.32.68.29,13/Dec/2015:13:42:17 +0100,GET
62.32.68.29,13/Dec/2015:13:42:18 +0100,POST
85.173.94.97,13/Dec/2015:13:44:47 +0100,GET
85.173.94.97,13/Dec/2015:13:44:47 +0100,POST
177.201.52.125,13/Dec/2015:13:49:29 +0100,GET
177.201.52.125,13/Dec/2015:13:49:30 +0100,POST
5.166.200.19,13/Dec/2015:13:50:12 +0100,GET
5.166.200.19,13/Dec/2015:13:50:12 +0100,POST
62.122.96.106,13/Dec/2015:14:00:31 +0100,GET
62.122.96.106,13/Dec/2015:14:00:31 +0100,POST
91.218.92.2,13/Dec/2015:14:01:05 +0100,GET
91.218.92.2,13/Dec/2015:14:01:05 +0100,POST
91.219.156.45,13/Dec/2015:14:06:38 +0100,GET
91.219.156.45,13/Dec/2015:14:06:38 +0100,POST
176.194.74.20,13/Dec/2015:14:08:22 +0100,GET
176.194.74.20,13/Dec/2015:14:08:22 +0100,POST
130.255.13.57,13/Dec/2015:14:09:28 +0100,GET
130.255.13.57,13/Dec/2015:14:09:28 +0100,POST
87.117.38.218,13/Dec/2015:14:11:35 +0100,GET
87.117.38.218,13/Dec/2015:14:11:36 +0100,POST
5.166.200.19,13/Dec/2015:14:13:53 +0100,GET
5.166.200.19,13/Dec/2015:14:13:53 +0100,POST
83.167.113.100,13/Dec/2015:14:14:55 +0100,GET
83.167.113.100,13/Dec/2015:14:14:55 +0100,POST
77.244.21.14,13/Dec/2015:14:17:50 +0100,GET
77.244.21.14,13/Dec/2015:14:17:51 +0100,POST
2.86.149.141,13/Dec/2015:14:19:18 +0100,GET
109.184.11.34,13/Dec/2015:14:23:17 +0100,GET
109.184.11.34,13/Dec/2015:14:23:17 +0100,POST
2.93.22.237,13/Dec/2015:14:23:52 +0100,GET
2.93.22.237,13/Dec/2015:14:23:52 +0100,POST
109.106.142.176,13/Dec/2015:14:25:58 +0100,GET
109.106.142.176,13/Dec/2015:14:25:58 +0100,POST
195.8.51.14,13/Dec/2015:14:28:15 +0100,GET
195.8.51.14,13/Dec/2015:14:28:16 +0100,POST
91.214.187.254,13/Dec/2015:14:29:19 +0100,GET
91.214.187.254,13/Dec/2015:14:29:19 +0100,POST
5.227.6.83,13/Dec/2015:14:29:50 +0100,GET
5.227.6.83,13/Dec/2015:14:29:50 +0100,POST
37.1.206.196,13/Dec/2015:14:30:30 +0100,GET
37.1.206.196,13/Dec/2015:14:30:31 +0100,POST
37.1.206.196,13/Dec/2015:14:30:31 +0100,GET
89.145.141.195,13/Dec/2015:14:33:16 +0100,GET
89.145.141.195,13/Dec/2015:14:33:16 +0100,POST
95.32.85.147,13/Dec/2015:14:33:22 +0100,GET
95.32.85.147,13/Dec/2015:14:33:22 +0100,POST
83.220.236.21,13/Dec/2015:14:37:16 +0100,GET
83.220.236.21,13/Dec/2015:14:37:16 +0100,POST
89.178.243.193,13/Dec/2015:14:37:16 +0100,GET
89.178.243.193,13/Dec/2015:14:37:16 +0100,POST
178.35.29.219,13/Dec/2015:14:40:31 +0100,GET
178.35.29.219,13/Dec/2015:14:40:32 +0100,POST
93.185.22.218,13/Dec/2015:14:40:52 +0100,GET
93.185.22.218,13/Dec/2015:14:40:53 +0100,POST
177.201.52.125,13/Dec/2015:14:45:46 +0100,GET
177.201.52.125,13/Dec/2015:14:45:49 +0100,POST
109.111.24.89,13/Dec/2015:14:46:48 +0100,GET
109.111.24.89,13/Dec/2015:14:46:49 +0100,POST
46.72.184.174,13/Dec/2015:14:48:03 +0100,GET
46.72.184.174,13/Dec/2015:14:48:03 +0100,POST
46.166.75.133,13/Dec/2015:14:48:05 +0100,GET
46.166.75.133,13/Dec/2015:14:48:06 +0100,POST
109.188.127.6,13/Dec/2015:14:51:17 +0100,GET
109.188.127.6,13/Dec/2015:14:51:17 +0100,POST
89.145.141.195,13/Dec/2015:14:52:02 +0100,GET
89.145.141.195,13/Dec/2015:14:52:02 +0100,POST
78.81.240.26,13/Dec/2015:14:53:10 +0100,GET
78.81.240.26,13/Dec/2015:14:53:10 +0100,POST
109.167.205.32,13/Dec/2015:15:01:21 +0100,GET
109.167.205.32,13/Dec/2015:15:01:21 +0100,POST
91.76.68.33,13/Dec/2015:15:02:07 +0100,GET
91.76.68.33,13/Dec/2015:15:02:07 +0100,POST
128.71.186.140,13/Dec/2015:15:08:49 +0100,GET
128.71.186.140,13/Dec/2015:15:08:50 +0100,POST
213.242.11.40,13/Dec/2015:15:09:20 +0100,GET
213.242.11.40,13/Dec/2015:15:09:21 +0100,POST
178.44.113.180,13/Dec/2015:15:11:57 +0100,GET
178.44.113.180,13/Dec/2015:15:11:57 +0100,POST
83.149.9.102,13/Dec/2015:15:12:45 +0100,GET
83.149.9.102,13/Dec/2015:15:12:45 +0100,POST
62.183.86.111,13/Dec/2015:15:13:13 +0100,GET
62.183.86.111,13/Dec/2015:15:13:13 +0100,POST
37.78.23.203,13/Dec/2015:15:15:18 +0100,GET
37.78.23.203,13/Dec/2015:15:15:18 +0100,POST
77.244.21.14,13/Dec/2015:15:16:14 +0100,GET
77.244.21.14,13/Dec/2015:15:16:14 +0100,POST
179.177.114.229,13/Dec/2015:15:21:09 +0100,GET
179.177.114.229,13/Dec/2015:15:21:10 +0100,POST
188.162.132.5,13/Dec/2015:15:21:15 +0100,GET
188.162.132.5,13/Dec/2015:15:21:16 +0100,POST
109.111.24.89,13/Dec/2015:15:23:29 +0100,GET
109.111.24.89,13/Dec/2015:15:23:30 +0100,POST
93.185.22.218,13/Dec/2015:15:24:33 +0100,GET
93.185.22.218,13/Dec/2015:15:24:33 +0100,POST
195.9.37.174,13/Dec/2015:15:28:32 +0100,GET
195.9.37.174,13/Dec/2015:15:28:32 +0100,POST
109.184.11.34,13/Dec/2015:15:29:21 +0100,GET
109.184.11.34,13/Dec/2015:15:29:21 +0100,POST
188.120.59.191,13/Dec/2015:15:33:45 +0100,GET
188.120.59.191,13/Dec/2015:15:33:45 +0100,POST
91.227.190.44,13/Dec/2015:15:35:15 +0100,GET
91.227.190.44,13/Dec/2015:15:35:15 +0100,POST
46.116.230.247,13/Dec/2015:15:35:33 +0100,GET
46.116.230.247,13/Dec/2015:15:35:34 +0100,POST
109.106.143.62,13/Dec/2015:15:37:15 +0100,GET
109.106.143.62,13/Dec/2015:15:37:15 +0100,POST
94.75.178.46,13/Dec/2015:15:38:04 +0100,GET
94.75.178.46,13/Dec/2015:15:38:04 +0100,POST
5.140.164.122,13/Dec/2015:15:40:01 +0100,GET
5.140.164.122,13/Dec/2015:15:40:01 +0100,POST
37.1.206.196,13/Dec/2015:15:41:27 +0100,GET
37.1.206.196,13/Dec/2015:15:41:28 +0100,POST
37.1.206.196,13/Dec/2015:15:41:28 +0100,GET
66.249.69.104,13/Dec/2015:15:43:28 +0100,GET
31.43.101.178,13/Dec/2015:15:44:55 +0100,GET
31.43.101.178,13/Dec/2015:15:44:55 +0100,POST
90.154.72.113,13/Dec/2015:15:45:45 +0100,GET
90.154.72.113,13/Dec/2015:15:45:45 +0100,POST
176.194.74.20,13/Dec/2015:15:46:38 +0100,GET
66.249.69.120,13/Dec/2015:15:46:38 +0100,GET
176.194.74.20,13/Dec/2015:15:46:38 +0100,POST
37.78.23.203,13/Dec/2015:15:47:26 +0100,GET
37.78.23.203,13/Dec/2015:15:47:26 +0100,POST
83.234.144.252,13/Dec/2015:15:50:36 +0100,GET
83.234.144.252,13/Dec/2015:15:50:36 +0100,POST
188.40.88.130,13/Dec/2015:15:54:23 +0100,GET
144.76.185.46,13/Dec/2015:15:54:23 +0100,GET
188.40.88.130,13/Dec/2015:15:54:23 +0100,GET
144.76.185.46,13/Dec/2015:15:54:23 +0100,GET
213.24.127.71,13/Dec/2015:15:55:42 +0100,GET
213.24.127.71,13/Dec/2015:15:55:42 +0100,POST
5.77.241.10,13/Dec/2015:15:55:46 +0100,GET
5.77.241.10,13/Dec/2015:15:55:46 +0100,POST
213.149.8.143,13/Dec/2015:15:55:59 +0100,GET
213.149.8.143,13/Dec/2015:15:55:59 +0100,POST
185.104.219.254,13/Dec/2015:15:56:36 +0100,GET
185.104.219.254,13/Dec/2015:15:56:37 +0100,GET
185.104.219.254,13/Dec/2015:15:56:37 +0100,GET
46.44.5.179,13/Dec/2015:15:58:49 +0100,GET
46.44.5.179,13/Dec/2015:15:58:49 +0100,POST
128.75.93.104,13/Dec/2015:16:00:04 +0100,GET
128.75.93.104,13/Dec/2015:16:00:04 +0100,POST
194.135.16.192,13/Dec/2015:16:01:33 +0100,GET
194.135.16.192,13/Dec/2015:16:01:33 +0100,POST
188.233.71.62,13/Dec/2015:16:02:49 +0100,GET
188.233.71.62,13/Dec/2015:16:02:49 +0100,POST
37.212.80.154,13/Dec/2015:16:04:49 +0100,GET
37.212.80.154,13/Dec/2015:16:04:49 +0100,POST
5.166.244.85,13/Dec/2015:16:05:48 +0100,GET
5.166.244.85,13/Dec/2015:16:05:49 +0100,POST
37.52.24.9,13/Dec/2015:16:08:42 +0100,GET
37.52.24.9,13/Dec/2015:16:08:42 +0100,POST
85.26.165.151,13/Dec/2015:16:09:02 +0100,GET
85.26.165.151,13/Dec/2015:16:09:03 +0100,POST
46.116.230.247,13/Dec/2015:16:10:29 +0100,GET
46.116.230.247,13/Dec/2015:16:10:29 +0100,POST
157.55.39.3,13/Dec/2015:16:14:51 +0100,GET
157.55.39.8,13/Dec/2015:16:14:58 +0100,GET
176.15.61.104,13/Dec/2015:16:15:29 +0100,GET
176.15.61.104,13/Dec/2015:16:15:29 +0100,POST
109.168.142.99,13/Dec/2015:16:15:46 +0100,GET
109.168.142.99,13/Dec/2015:16:15:46 +0100,POST
178.252.207.53,13/Dec/2015:16:20:35 +0100,GET
178.252.207.53,13/Dec/2015:16:20:36 +0100,POST
46.39.66.120,13/Dec/2015:16:25:05 +0100,GET
46.39.66.120,13/Dec/2015:16:25:05 +0100,POST
188.187.32.254,13/Dec/2015:16:25:17 +0100,GET
188.187.32.254,13/Dec/2015:16:25:17 +0100,POST
89.105.140.247,13/Dec/2015:16:26:29 +0100,GET
89.105.140.247,13/Dec/2015:16:26:29 +0100,POST
5.141.91.118,13/Dec/2015:16:26:30 +0100,GET
5.141.91.118,13/Dec/2015:16:26:30 +0100,POST
95.72.36.238,13/Dec/2015:16:27:17 +0100,GET
95.72.36.238,13/Dec/2015:16:27:18 +0100,POST
5.138.178.69,13/Dec/2015:16:30:31 +0100,GET
5.138.178.69,13/Dec/2015:16:30:31 +0100,POST
95.107.120.135,13/Dec/2015:16:31:27 +0100,GET
95.107.120.135,13/Dec/2015:16:31:27 +0100,POST
217.66.16.88,13/Dec/2015:16:32:47 +0100,GET
217.66.16.88,13/Dec/2015:16:32:47 +0100,POST
85.172.122.113,13/Dec/2015:16:32:48 +0100,GET
85.172.122.113,13/Dec/2015:16:32:48 +0100,POST
5.227.6.83,13/Dec/2015:16:34:19 +0100,GET
5.227.6.83,13/Dec/2015:16:34:19 +0100,POST
212.7.217.50,13/Dec/2015:16:37:11 +0100,GET
212.7.217.50,13/Dec/2015:16:37:12 +0100,POST
213.234.14.220,13/Dec/2015:16:39:44 +0100,GET
213.234.14.220,13/Dec/2015:16:39:44 +0100,POST
37.29.74.219,13/Dec/2015:16:40:18 +0100,GET
37.29.74.219,13/Dec/2015:16:40:19 +0100,POST
95.139.27.245,13/Dec/2015:16:40:45 +0100,GET
95.139.27.245,13/Dec/2015:16:40:45 +0100,POST
37.78.23.203,13/Dec/2015:16:41:36 +0100,GET
37.78.23.203,13/Dec/2015:16:41:36 +0100,POST
37.113.244.223,13/Dec/2015:16:41:55 +0100,GET
37.113.244.223,13/Dec/2015:16:41:55 +0100,POST
178.44.153.18,13/Dec/2015:16:44:53 +0100,GET
178.44.153.18,13/Dec/2015:16:44:54 +0100,POST
95.68.202.81,13/Dec/2015:16:46:11 +0100,GET
95.68.202.81,13/Dec/2015:16:46:11 +0100,POST
95.32.224.195,13/Dec/2015:16:46:38 +0100,GET
95.32.224.195,13/Dec/2015:16:46:39 +0100,POST
46.180.125.155,13/Dec/2015:16:48:45 +0100,GET
46.180.125.155,13/Dec/2015:16:48:45 +0100,POST
52.192.135.95,13/Dec/2015:16:48:57 +0100,GET
52.192.135.95,13/Dec/2015:16:49:02 +0100,GET
52.192.135.95,13/Dec/2015:16:49:02 +0100,GET
52.192.135.95,13/Dec/2015:16:49:02 +0100,GET
